TABLE_SCHEMA,TABLE_NAME,EntityReferenceSimpleFullPath,LinqQueryPath,Result,IsTop,PKTypeFullName,PKPropertyName,FKTypeFullName,FKPropertyName,FKName,FKAlias,PropertyName_Origin_InThisType,ChildEntityReferenceSimpleFullPath,BottomChildTypeName,BottomChildEntityReferenceSimpleFullPath,DefaultOrder,FKTypeFullNameOnTheOtherSide
SalesLT,CustomerAddress,\AddressID,Address,Address,True,AdventureWorksLT2019Model.Address,AddressID,AdventureWorksLT2019Model.CustomerAddress,AddressID,FK_CustomerAddress_Address_AddressID,t,AddressID,,Address,\AddressID,1,
SalesLT,CustomerAddress,\CustomerID,Customer,Customer,True,AdventureWorksLT2019Model.Customer,CustomerID,AdventureWorksLT2019Model.CustomerAddress,CustomerID,FK_CustomerAddress_Customer_CustomerID,t,CustomerID,,Customer,\CustomerID,1,
SalesLT,Product,\ProductCategoryID,ProductCategory,ProductCategory,False,AdventureWorksLT2019Model.ProductCategory,ProductCategoryID,AdventureWorksLT2019Model.Product,ProductCategoryID,FK_Product_ProductCategory_ProductCategoryID,t,ProductCategoryID,,ProductCategory,\ProductCategoryID,1,
SalesLT,Product,\ProductCategoryID\ParentProductCategoryID,ProductCategory.ProductCategory2,Parent,True,AdventureWorksLT2019Model.ProductCategory,ProductCategoryID,AdventureWorksLT2019Model.ProductCategory,ParentProductCategoryID,FK_ProductCategory_ProductCategory_ParentProductCategoryID_ProductCategoryID,ProductCategory,ProductCategoryID,\ProductCategoryID,ProductCategory,\ProductCategoryID,2,
SalesLT,Product,\ProductModelID,ProductModel,ProductModel,True,AdventureWorksLT2019Model.ProductModel,ProductModelID,AdventureWorksLT2019Model.Product,ProductModelID,FK_Product_ProductModel_ProductModelID,t,ProductModelID,,ProductModel,\ProductModelID,1,
SalesLT,ProductCategory,\ParentProductCategoryID,ProductCategory2,Parent,True,AdventureWorksLT2019Model.ProductCategory,ProductCategoryID,AdventureWorksLT2019Model.ProductCategory,ParentProductCategoryID,FK_ProductCategory_ProductCategory_ParentProductCategoryID_ProductCategoryID,t,ParentProductCategoryID,,ProductCategory,\ParentProductCategoryID,1,
SalesLT,ProductModelProductDescription,\ProductDescriptionID,ProductDescription,ProductDescription,True,AdventureWorksLT2019Model.ProductDescription,ProductDescriptionID,AdventureWorksLT2019Model.ProductModelProductDescription,ProductDescriptionID,FK_ProductModelProductDescription_ProductDescription_ProductDescriptionID,t,ProductDescriptionID,,ProductDescription,\ProductDescriptionID,1,
SalesLT,ProductModelProductDescription,\ProductModelID,ProductModel,ProductModel,True,AdventureWorksLT2019Model.ProductModel,ProductModelID,AdventureWorksLT2019Model.ProductModelProductDescription,ProductModelID,FK_ProductModelProductDescription_ProductModel_ProductModelID,t,ProductModelID,,ProductModel,\ProductModelID,1,
SalesLT,SalesOrderDetail,\ProductID,Product,Product,False,AdventureWorksLT2019Model.Product,ProductID,AdventureWorksLT2019Model.SalesOrderDetail,ProductID,FK_SalesOrderDetail_Product_ProductID,t,ProductID,,Product,\ProductID,1,
SalesLT,SalesOrderDetail,\ProductID\ProductCategoryID,Product.ProductCategory,ProductCategory,False,AdventureWorksLT2019Model.ProductCategory,ProductCategoryID,AdventureWorksLT2019Model.Product,ProductCategoryID,FK_Product_ProductCategory_ProductCategoryID,Product,ProductID,\ProductID,Product,\ProductID,2,
SalesLT,SalesOrderDetail,\ProductID\ProductCategoryID\ParentProductCategoryID,Product.ProductCategory.ProductCategory2,ProductCategory_Parent,True,AdventureWorksLT2019Model.ProductCategory,ProductCategoryID,AdventureWorksLT2019Model.ProductCategory,ParentProductCategoryID,FK_ProductCategory_ProductCategory_ParentProductCategoryID_ProductCategoryID,ProductCategory,ProductID,\ProductID\ProductCategoryID,Product,\ProductID,3,
SalesLT,SalesOrderDetail,\ProductID\ProductModelID,Product.ProductModel,ProductModel,True,AdventureWorksLT2019Model.ProductModel,ProductModelID,AdventureWorksLT2019Model.Product,ProductModelID,FK_Product_ProductModel_ProductModelID,Product,ProductID,\ProductID,Product,\ProductID,3,
SalesLT,SalesOrderDetail,\SalesOrderID,SalesOrderHeader,SalesOrderHeader,False,AdventureWorksLT2019Model.SalesOrderHeader,SalesOrderID,AdventureWorksLT2019Model.SalesOrderDetail,SalesOrderID,FK_SalesOrderDetail_SalesOrderHeader_SalesOrderID,t,SalesOrderID,,SalesOrderHeader,\SalesOrderID,1,
SalesLT,SalesOrderDetail,\SalesOrderID\BillToAddressID,SalesOrderHeader.Address,BillTo,True,AdventureWorksLT2019Model.Address,AddressID,AdventureWorksLT2019Model.SalesOrderHeader,BillToAddressID,FK_SalesOrderHeader_Address_BillTo_AddressID,SalesOrderHeader,SalesOrderID,\SalesOrderID,SalesOrderHeader,\SalesOrderID,2,
SalesLT,SalesOrderDetail,\SalesOrderID\ShipToAddressID,SalesOrderHeader.Address1,ShipTo,True,AdventureWorksLT2019Model.Address,AddressID,AdventureWorksLT2019Model.SalesOrderHeader,ShipToAddressID,FK_SalesOrderHeader_Address_ShipTo_AddressID,SalesOrderHeader,SalesOrderID,\SalesOrderID,SalesOrderHeader,\SalesOrderID,3,
SalesLT,SalesOrderDetail,\SalesOrderID\CustomerID,SalesOrderHeader.Customer,Customer,True,AdventureWorksLT2019Model.Customer,CustomerID,AdventureWorksLT2019Model.SalesOrderHeader,CustomerID,FK_SalesOrderHeader_Customer_CustomerID,SalesOrderHeader,SalesOrderID,\SalesOrderID,SalesOrderHeader,\SalesOrderID,4,
SalesLT,SalesOrderHeader,\BillToAddressID,Address,BillTo,True,AdventureWorksLT2019Model.Address,AddressID,AdventureWorksLT2019Model.SalesOrderHeader,BillToAddressID,FK_SalesOrderHeader_Address_BillTo_AddressID,t,BillToAddressID,,Address,\BillToAddressID,1,
SalesLT,SalesOrderHeader,\ShipToAddressID,Address1,ShipTo,True,AdventureWorksLT2019Model.Address,AddressID,AdventureWorksLT2019Model.SalesOrderHeader,ShipToAddressID,FK_SalesOrderHeader_Address_ShipTo_AddressID,t,ShipToAddressID,,Address,\ShipToAddressID,1,
SalesLT,SalesOrderHeader,\CustomerID,Customer,Customer,True,AdventureWorksLT2019Model.Customer,CustomerID,AdventureWorksLT2019Model.SalesOrderHeader,CustomerID,FK_SalesOrderHeader_Customer_CustomerID,t,CustomerID,,Customer,\CustomerID,1,
